doc	page	before_native_7692head	after_native_1f43a0422
samples/2022년 국립국어원 업무계획.hwp	32	84.65	99.54
samples/86712_regulatory_analysis.hwp	3	97.81	99.15
samples/86712_regulatory_analysis.hwp	31	99.32	99.27
samples/76076_regulatory_analysis.hwp	3	97.82	99.18
samples/76076_regulatory_analysis.hwp	7	42.68	42.16
samples/76076_regulatory_analysis.hwp	19	98.32	99.31
samples/76076_regulatory_analysis.hwp	46	87.02	99.89
samples/76076_regulatory_analysis.hwp	53	98.72	99.23
samples/76076_regulatory_analysis.hwp	68	98.72	99.23
samples/aift.hwp	69	93.74	99.37
samples/80168_regulatory_analysis.hwp	3	97.00	97.50
samples/80168_regulatory_analysis.hwp	48	97.03	97.54
samples/80168_regulatory_analysis.hwp	61	39.31	36.46
samples/80168_regulatory_analysis.hwp	74	97.04	97.61
samples/80168_regulatory_analysis.hwp	89	98.67	99.21
samples/80168_regulatory_analysis.hwp	100	95.42	99.80
samples/80168_regulatory_analysis.hwp	107	95.97	97.65
samples/80168_regulatory_analysis.hwp	123	98.45	99.11
samples/80168_regulatory_analysis.hwp	139	79.20	79.80
samples/hwpspec.hwp	43	44.78	49.41
samples/issue1891/86712_regulatory_analysis.hwpx	3	97.81	99.15
samples/issue1891/86712_regulatory_analysis.hwpx	31	99.32	99.27
samples/issue1891/76076_regulatory_analysis.hwpx	3	97.82	99.18
samples/issue1891/76076_regulatory_analysis.hwpx	19	98.32	99.31
samples/issue1891/76076_regulatory_analysis.hwpx	46	87.02	99.89
samples/issue1891/76076_regulatory_analysis.hwpx	53	98.72	99.23
samples/issue1891/76076_regulatory_analysis.hwpx	68	98.72	99.23
samples/issue1921/59043_regulatory_analysis.hwp	8	89.93	94.03
samples/issue1937_rowbreak_footnote_overpagination.hwp	21	54.14	51.85
samples/issue1937_rowbreak_footnote_overpagination.hwp	22	36.11	38.98
samples/issue1937_rowbreak_footnote_overpagination.hwp	33	63.00	63.99
samples/issue1937_rowbreak_footnote_overpagination.hwp	34	68.61	71.07
samples/issue1937_rowbreak_footnote_overpagination.hwp	37	48.93	49.13
samples/issue1937_rowbreak_footnote_overpagination.hwp	38	56.01	54.49
samples/issue1937_rowbreak_footnote_overpagination.hwp	40	57.63	56.36
samples/issue1937_rowbreak_footnote_overpagination.hwp	42	54.36	54.46
samples/issue1891/80168_regulatory_analysis.hwpx	3	96.93	97.17
samples/issue1891/80168_regulatory_analysis.hwpx	48	26.79	27.88
samples/issue1891/80168_regulatory_analysis.hwpx	61	23.65	25.07
samples/issue1891/80168_regulatory_analysis.hwpx	74	23.15	22.92
samples/issue1891/80168_regulatory_analysis.hwpx	89	2.92	1.67
samples/issue1891/80168_regulatory_analysis.hwpx	100	6.68	8.12
samples/issue1891/80168_regulatory_analysis.hwpx	106	95.80	97.31
samples/issue1891/80168_regulatory_analysis.hwpx	122	98.48	98.99
samples/issue1891/80168_regulatory_analysis.hwpx	138	54.06	50.90
samples/issue4514/sample1-repro.hwp	37	69.27	68.36
samples/issue4514/sample1-repro.hwp	39	80.26	72.10
samples/issue4514/sample1-repro.hwp	40	73.64	69.97
samples/issue4514/sample1-repro.hwp	41	88.47	86.61
samples/issue5699/37787_regulatory_impact.hwp	11	44.11	39.59
samples/issue5792/2700727_animal_facility_standards.hwpx	3	98.56	99.81
samples/issue5877/fragment_ghost_vrules.hwp	10	95.21	94.45
samples/issue5877/fragment_ghost_vrules.hwp	11	51.82	51.02
samples/issue5877/fragment_ghost_vrules.hwp	12	6.76	6.22
samples/issue5877/fragment_ghost_vrules.hwp	14	43.22	43.31
samples/issue5877/fragment_ghost_vrules.hwp	18	45.67	46.52
samples/issue5877/fragment_ghost_vrules.hwp	20	50.80	51.71
samples/issue5877/fragment_ghost_vrules.hwp	21	40.63	40.23
samples/issue5877/fragment_ghost_vrules.hwp	22	16.56	17.83
samples/issue5877/fragment_ghost_vrules.hwp	23	15.62	15.42
samples/issue6776/78494-virtual-convergence-industry-decree.hwpx	24	25.25	25.26
samples/issue6782/1480000-201900042-chemical-labeling-standards.hwp	46	68.24	72.32
samples/issue6782/1480000-201900042-chemical-labeling-standards.hwp	47	58.15	52.94
samples/issue6782/1480000-201900042-chemical-labeling-standards.hwp	63	83.11	83.19
samples/issue6782/1480000-201900042-chemical-labeling-standards.hwp	64	78.57	78.18
samples/issue6782/1480000-201900042-chemical-labeling-standards.hwp	65	64.11	62.33
samples/issue6782/1480000-201900042-chemical-product-labeling-study.hwp	46	68.24	72.32
samples/issue6782/1480000-201900042-chemical-product-labeling-study.hwp	47	58.15	52.94
samples/issue6782/1480000-201900042-chemical-product-labeling-study.hwp	63	99.17	99.68
samples/issue6782/1480000-201900042-chemical-product-labeling-study.hwp	64	93.50	94.25
samples/issue6782/1480000-201900042-chemical-product-labeling-study.hwp	65	85.49	84.03
samples/issue6860/3067979-road-lighting-photometric-appendix.hwpx	2	23.52	21.92
samples/issue6854/22037757-chuncheon-personnel-rule-annex13.hwpx	2	95.09	93.69
samples/issue6854/22037757-chuncheon-personnel-rule-annex13.hwpx	5	94.79	93.83
samples/issue6854/22037757-chuncheon-personnel-rule-annex13.hwpx	8	48.60	47.06
samples/issue6854/22037757-chuncheon-personnel-rule-annex13.hwpx	9	49.14	45.77
samples/issue7182/rowbreak_cell_picture_only_paragraph.hwp	4	91.96	99.82
samples/issue6764/1613000-202200037-air-traffic-controller-cbta.hwp	126	63.97	94.01
samples/issue6764/1613000-202200037-air-traffic-controller-cbta.hwp	127	43.19	41.50
samples/issue6764/1613000-202200037-air-traffic-controller-cbta.hwp	128	42.48	59.65
samples/issue6764/1613000-202200037-air-traffic-controller-cbta.hwp	139	37.49	42.04
samples/issue6764/1613000-202200037-air-traffic-controller-cbta.hwp	140	37.44	43.61
samples/issue6764/1613000-202200037-air-traffic-controller-cbta.hwp	141	43.57	49.09
samples/issue6764/1613000-202200037-air-traffic-controller-cbta.hwp	142	44.74	43.60
samples/issue6764/1613000-202200037-air-traffic-controller-cbta.hwp	143	39.60	43.40
samples/issue6764/1613000-202200037-air-traffic-controller-cbta.hwp	144	40.69	39.61
samples/issue6764/1613000-202200037-air-traffic-controller-cbta.hwp	145	36.18	41.74
samples/issue6764/1613000-202200037-air-traffic-controller-cbta.hwp	146	36.54	42.16
samples/issue6764/1613000-202200037-air-traffic-controller-cbta.hwp	147	37.80	42.39
samples/issue6764/1613000-202200037-air-traffic-controller-cbta.hwp	148	34.99	44.11
samples/issue6764/1613000-202200037-air-traffic-controller-cbta.hwp	149	37.20	43.11
samples/issue6764/1613000-202200037-air-traffic-controller-cbta.hwp	150	38.48	38.89
samples/issue6764/1613000-202200037-air-traffic-controller-cbta.hwp	151	19.96	32.47
samples/issue6764/1613000-202200037-air-traffic-controller-cbta.hwp	153	48.38	50.86
samples/issue6764/1613000-202200037-air-traffic-controller-cbta.hwp	154	35.29	38.28
samples/issue6764/1613000-202200037-air-traffic-controller-cbta.hwp	155	45.71	45.29
samples/issue6764/1613000-202200037-air-traffic-controller-cbta.hwp	156	41.37	41.29
samples/issue6764/1613000-202200037-air-traffic-controller-cbta.hwp	157	40.54	48.65
samples/issue6764/1613000-202200037-air-traffic-controller-cbta.hwp	158	36.86	43.75
samples/issue6764/1613000-202200037-air-traffic-controller-cbta.hwp	161	41.95	42.99
samples/issue6764/1613000-202200037-air-traffic-controller-cbta.hwp	162	34.70	37.57
samples/issue6764/1613000-202200037-air-traffic-controller-cbta.hwp	163	41.90	43.84
samples/issue6764/1613000-202200037-air-traffic-controller-cbta.hwp	164	39.24	39.03
samples/issue6764/1613000-202200037-air-traffic-controller-cbta.hwp	165	35.30	39.34
samples/issue6764/1613000-202200037-air-traffic-controller-cbta.hwp	166	42.18	41.17
samples/issue6764/1613000-202200037-air-traffic-controller-cbta.hwp	167	36.47	42.46
samples/issue6764/1613000-202200037-air-traffic-controller-cbta.hwp	168	30.04	31.28
samples/issue6764/1613000-202200037-air-traffic-controller-cbta.hwp	170	31.78	31.07
samples/issue6764/1613000-202200037-air-traffic-controller-cbta.hwp	171	39.86	41.00
samples/issue6764/1613000-202200037-air-traffic-controller-cbta.hwp	172	39.45	41.94
samples/issue6764/1613000-202200037-air-traffic-controller-cbta.hwp	173	39.87	43.74
samples/issue6764/1613000-202200037-air-traffic-controller-cbta.hwp	174	40.07	45.14
samples/issue6764/1613000-202200037-air-traffic-controller-cbta.hwp	175	39.02	41.88
samples/issue6764/1613000-202200037-air-traffic-controller-cbta.hwp	176	40.75	44.60
samples/issue6764/1613000-202200037-air-traffic-controller-cbta.hwp	178	34.18	38.29
samples/issue6764/1613000-202200037-air-traffic-controller-cbta.hwp	179	39.20	40.76
samples/issue6764/1613000-202200037-air-traffic-controller-cbta.hwp	180	37.58	40.81
samples/issue6764/1613000-202200037-air-traffic-controller-cbta.hwp	181	40.28	39.43
samples/issue6764/1613000-202200037-air-traffic-controller-cbta.hwp	182	36.64	41.87
samples/issue6764/1613000-202200037-air-traffic-controller-cbta.hwp	190	37.47	34.62
samples/issue6764/1613000-202200037-air-traffic-controller-cbta.hwp	191	22.00	22.00
samples/issue6764/1613000-202200037-air-traffic-controller-cbta.hwp	193	15.19	14.03
samples/issue6764/1613000-202200037-air-traffic-controller-cbta.hwp	194	41.35	44.01
samples/issue6764/1613000-202200037-air-traffic-controller-cbta.hwp	195	44.84	49.34
samples/issue6764/1613000-202200037-air-traffic-controller-cbta.hwp	196	25.21	30.45
samples/issue6764/1613000-202200037-air-traffic-controller-cbta.hwp	198	23.23	22.80
samples/issue6764/1613000-202200037-air-traffic-controller-cbta.hwp	199	38.10	41.90
samples/issue6764/1613000-202200037-air-traffic-controller-cbta.hwp	200	31.36	33.46
samples/issue7216/tall_table_after.hwpx	2	46.73	99.71
samples/issue7234/tall_table_cell_row_height.hwpx	2	46.73	99.71
samples/kps-ai.hwp	38	50.26	52.22
samples/table_text_anchor_wrap.hwpx	3	28.25	19.13
samples/table_scattered_header_rowbreak.hwp	2	96.84	97.74
samples/table_scattered_header_rowbreak.hwp	3	57.37	56.20
samples/table_scattered_header_rowbreak.hwp	4	71.83	70.04
samples/table_scattered_header_rowbreak.hwp	5	60.14	57.12
samples/table_scattered_header_rowbreak.hwp	6	61.36	59.91
samples/table_scattered_header_rowbreak.hwp	8	94.01	93.52
samples/table_scattered_header_rowbreak.hwp	9	94.96	96.17
samples/table_scattered_header_rowbreak.hwp	10	78.30	93.20
samples/table_scattered_header_rowbreak.hwp	11	96.65	97.68
samples/table_scattered_header_rowbreak.hwp	16	60.27	56.45
samples/table_scattered_header_rowbreak.hwp	33	93.20	95.54
samples/table_scattered_header_rowbreak.hwp	34	71.42	95.67
samples/table_scattered_header_rowbreak.hwp	35	71.73	72.02
samples/table_scattered_header_rowbreak.hwp	36	59.68	62.60
samples/table_scattered_header_rowbreak.hwp	37	52.90	56.26
samples/table_scattered_header_rowbreak.hwp	38	52.48	98.27
samples/table_scattered_header_rowbreak.hwp	39	55.39	61.70
samples/table_scattered_header_rowbreak.hwp	40	58.65	65.59
samples/table_scattered_header_rowbreak.hwp	41	61.47	66.63
samples/table_scattered_header_rowbreak.hwp	42	54.58	59.22
samples/table_scattered_header_rowbreak.hwp	43	56.44	61.14
samples/table_scattered_header_rowbreak.hwp	44	49.56	99.48
samples/table_scattered_header_rowbreak.hwp	45	53.11	99.82
samples/table_scattered_header_rowbreak.hwp	46	58.78	73.53
samples/table_scattered_header_rowbreak.hwp	47	69.93	91.05
samples/table_scattered_header_rowbreak.hwp	48	51.76	58.84
samples/table_scattered_header_rowbreak.hwp	49	72.67	79.01
samples/table_scattered_header_rowbreak.hwp	50	76.97	81.68
samples/table_scattered_header_rowbreak.hwp	51	40.65	58.83
samples/table_scattered_header_rowbreak.hwp	52	51.45	53.33
samples/task1745/table_text_anchor_wrap.hwp	3	30.32	21.86
samples/task1753/deferred_takeplace_fill_ahead.hwp	5	85.67	46.26
samples/task1753/deferred_takeplace_fill_ahead.hwpx	5	85.67	46.26
samples/task2287/1342000_edu_curriculum_map.hwp	33	54.22	51.22
samples/task2287/1342000_edu_curriculum_map.hwp	35	85.63	84.59
samples/task2287/1342000_edu_curriculum_map.hwp	42	68.37	90.85
samples/task2287/1342000_edu_curriculum_map.hwp	43	61.70	81.20
samples/task2287/1342000_edu_curriculum_map.hwp	44	47.22	44.32
samples/task2287/1342000_edu_curriculum_map.hwp	45	47.07	50.37
samples/task2287/1342000_edu_curriculum_map.hwp	46	47.39	46.29
samples/task2287/1342000_edu_curriculum_map.hwp	47	25.34	35.63
samples/task2287/1342000_edu_curriculum_map.hwp	49	67.36	90.28
samples/task2287/1342000_edu_curriculum_map.hwp	50	62.96	60.26
samples/task2287/1342000_edu_curriculum_map.hwp	51	36.14	33.21
samples/task2287/1342000_edu_curriculum_map.hwp	53	53.02	55.52
samples/task2287/1342000_edu_curriculum_map.hwp	54	74.32	49.14
samples/task2287/1342000_edu_curriculum_map.hwp	55	80.17	53.28
samples/task2287/1342000_edu_curriculum_map.hwp	56	60.22	48.00
samples/task2287/1342000_edu_curriculum_map.hwp	57	67.61	59.62
samples/task2287/1342000_edu_curriculum_map.hwp	59	43.63	40.06
samples/task2287/1342000_edu_curriculum_map.hwp	60	47.22	37.06
samples/task2287/1342000_edu_curriculum_map.hwp	61	42.86	48.08
samples/task2287/1342000_edu_curriculum_map.hwp	62	45.71	46.57
samples/task2287/1342000_edu_curriculum_map.hwp	63	36.11	44.32
samples/task2287/1342000_edu_curriculum_map.hwp	90	93.70	94.12
samples/task2287/1342000_edu_curriculum_map.hwp	91	90.82	99.05
samples/task2287/1342000_edu_curriculum_map.hwp	99	98.03	99.24
samples/task2287/1342000_edu_curriculum_map.hwp	100	98.11	99.15
samples/task2287/1342000_edu_curriculum_map.hwp	101	93.43	93.00
samples/task2287/1342000_edu_curriculum_map.hwp	102	98.02	99.37
samples/task2287/1342000_edu_curriculum_map.hwp	103	97.88	99.10
samples/task2287/1342000_edu_curriculum_map.hwp	104	98.19	99.19
samples/task2287/1342000_edu_curriculum_map.hwp	105	98.70	99.21
samples/task2287/1342000_edu_curriculum_map.hwp	106	98.36	99.67
samples/task2287/1342000_edu_curriculum_map.hwp	108	96.80	97.76
samples/task2287/1342000_edu_curriculum_map.hwp	109	75.60	76.94
samples/task2287/1342000_edu_curriculum_map.hwp	110	77.50	77.92
samples/task2287/1342000_edu_curriculum_map.hwp	111	80.68	81.29
samples/task2287/1342000_edu_curriculum_map.hwp	112	76.33	77.47
samples/task2287/1342000_edu_curriculum_map.hwp	114	96.60	97.99
samples/task2287/1342000_edu_curriculum_map.hwp	115	97.53	99.47
samples/task2287/1342000_edu_curriculum_map.hwp	116	97.23	98.76
samples/task2287/1342000_edu_curriculum_map.hwp	117	96.55	97.62
samples/task2287/1342000_edu_curriculum_map.hwp	118	76.78	78.20
samples/task2287/1342000_edu_curriculum_map.hwp	119	81.37	82.44
samples/task2287/1342000_edu_curriculum_map.hwp	121	95.65	91.42
samples/task2287/1342000_edu_curriculum_map.hwp	122	92.82	93.13
samples/task2287/1342000_edu_curriculum_map.hwp	123	96.49	95.20
samples/task2287/1342000_edu_curriculum_map.hwp	124	89.60	90.01
samples/task2287/1342000_edu_curriculum_map.hwp	125	75.50	75.10
samples/task2287/1342000_edu_curriculum_map.hwp	126	75.90	76.41
samples/task2287/1342000_edu_curriculum_map.hwp	127	78.38	78.57
samples/task2287/1342000_edu_curriculum_map.hwp	129	79.28	78.99
samples/task2287/1342000_edu_curriculum_map.hwp	130	75.59	77.43
samples/task2287/1342000_edu_curriculum_map.hwp	131	77.46	76.71
samples/task2287/1342000_edu_curriculum_map.hwp	132	76.01	78.14
samples/task2287/1342000_edu_curriculum_map.hwp	133	78.34	75.05
samples/task2287/1342000_edu_curriculum_map.hwp	134	79.14	77.76
samples/task2287/1342000_edu_curriculum_map.hwp	135	75.43	78.49
samples/task2287/1342000_edu_curriculum_map.hwp	136	75.56	77.16
samples/task2287/1342000_edu_curriculum_map.hwp	137	72.94	80.83
samples/task2287/1342000_edu_curriculum_map.hwp	138	75.12	74.49
samples/task2287/1342000_edu_curriculum_map.hwp	139	75.29	79.85
samples/task2287/1342000_edu_curriculum_map.hwp	140	79.98	78.65
samples/task2287/1342000_edu_curriculum_map.hwp	141	78.08	74.04
samples/task2287/1342000_edu_curriculum_map.hwp	142	78.23	78.03
samples/task2287/1342000_edu_curriculum_map.hwp	143	77.23	77.78
samples/task2287/1342000_edu_curriculum_map.hwp	144	67.65	69.12
samples/task2287/1342000_edu_curriculum_map.hwp	146	62.68	63.97
samples/task2287/1342000_edu_curriculum_map.hwp	147	78.83	77.82
samples/task2287/1342000_edu_curriculum_map.hwp	148	76.57	76.72
samples/task2287/1342000_edu_curriculum_map.hwp	149	75.71	73.52
samples/task2287/1342000_edu_curriculum_map.hwp	150	75.62	76.78
samples/task2287/1342000_edu_curriculum_map.hwp	151	74.51	74.16
samples/task2287/1342000_edu_curriculum_map.hwp	152	76.44	76.98
samples/task2287/1342000_edu_curriculum_map.hwp	153	74.32	73.39
samples/task2287/1342000_edu_curriculum_map.hwp	154	74.16	73.94
samples/task2287/1342000_edu_curriculum_map.hwp	156	56.14	57.08
samples/task2287/1342000_edu_curriculum_map.hwp	157	74.07	74.90
samples/task2287/1342000_edu_curriculum_map.hwp	158	74.30	75.87
samples/task2287/1342000_edu_curriculum_map.hwp	159	75.80	75.77
samples/task2287/1342000_edu_curriculum_map.hwp	160	75.90	76.17
samples/task2287/1342000_edu_curriculum_map.hwp	161	77.75	77.06
samples/task2287/1342000_edu_curriculum_map.hwp	162	75.82	75.79
samples/task2287/1342000_edu_curriculum_map.hwp	163	76.58	76.52
samples/task2287/1342000_edu_curriculum_map.hwp	164	74.48	75.85
samples/task2287/1342000_edu_curriculum_map.hwp	166	61.39	62.09
samples/task2287/1342000_edu_curriculum_map.hwp	169	53.86	56.09
samples/task2287/1342000_edu_curriculum_map.hwp	170	69.06	70.21
samples/task2287/1342000_edu_curriculum_map.hwp	171	66.33	70.43
samples/task2287/1342000_edu_curriculum_map.hwp	172	24.39	36.66
samples/task2287/1342000_edu_curriculum_map.hwp	173	37.70	96.36
samples/task2287/1342000_edu_curriculum_map.hwp	174	66.33	64.58
samples/task2287/1342000_edu_curriculum_map.hwp	175	69.66	97.96
samples/task2287/1342000_edu_curriculum_map.hwp	176	68.89	97.39
samples/task2287/1342000_edu_curriculum_map.hwp	177	71.14	74.28
samples/task2287/1342000_edu_curriculum_map.hwp	178	65.97	68.51
samples/task2287/1342000_edu_curriculum_map.hwp	179	54.09	68.77
samples/task2287/1342000_edu_curriculum_map.hwp	180	14.95	82.17
samples/task2287/1342000_edu_curriculum_map.hwp	181	36.15	99.73
samples/task2287/1342000_edu_curriculum_map.hwp	182	32.31	98.91
samples/task2287/1342000_edu_curriculum_map.hwp	183	45.83	78.62
samples/task2287/1342000_edu_curriculum_map.hwp	184	64.38	67.39
samples/task2287/1342000_edu_curriculum_map.hwp	185	69.22	85.31
samples/task2287/1342000_edu_curriculum_map.hwp	186	47.78	97.84
samples/task2287/1342000_edu_curriculum_map.hwp	187	34.96	76.44
samples/task2287/1342000_edu_curriculum_map.hwp	188	65.15	97.33
samples/task2287/1342000_edu_curriculum_map.hwp	189	27.90	62.69
samples/task2287/1342000_edu_curriculum_map.hwp	190	96.13	21.92
samples/task2287/1342000_edu_curriculum_map.hwp	191	66.80	59.14
samples/task2287/1342000_edu_curriculum_map.hwp	192	58.50	64.23
samples/task2287/1342000_edu_curriculum_map.hwp	193	67.98	62.01
samples/task2287/1342000_edu_curriculum_map.hwp	194	69.14	38.99
samples/task2287/1342000_edu_curriculum_map.hwp	195	96.80	29.72
samples/task2287/1342000_edu_curriculum_map.hwp	196	96.85	34.68
samples/task2287/1342000_edu_curriculum_map.hwp	197	94.83	71.89
samples/task2287/1342000_edu_curriculum_map.hwp	198	92.91	67.05
samples/task2287/1342000_edu_curriculum_map.hwp	199	66.48	65.57
samples/task2287/1342000_edu_curriculum_map.hwp	200	67.54	62.06
samples/task2287/1342000_edu_curriculum_map.hwp	201	68.23	62.92
samples/task2287/1342000_edu_curriculum_map.hwp	202	68.11	62.42
samples/task2287/1342000_edu_curriculum_map.hwp	203	68.78	66.89
samples/task2287/1342000_edu_curriculum_map.hwp	204	66.12	64.44
samples/task2287/1342000_edu_curriculum_map.hwp	205	61.33	65.44
samples/task2287/1342000_edu_curriculum_map.hwp	206	67.61	62.61
samples/task2287/1342000_edu_curriculum_map.hwp	207	69.02	65.33
samples/task2287/1342000_edu_curriculum_map.hwp	208	62.85	65.20
samples/task2287/1342000_edu_curriculum_map.hwp	209	67.65	64.56
samples/task2287/1342000_edu_curriculum_map.hwp	210	68.51	64.75
samples/task2287/1342000_edu_curriculum_map.hwp	211	99.38	15.84
samples/task2287/1342000_edu_curriculum_map.hwp	212	83.86	30.93
samples/task2287/1342000_edu_curriculum_map.hwp	213	79.36	59.82
samples/task2287/1342000_edu_curriculum_map.hwp	214	85.46	68.21
samples/task2287/1342000_edu_curriculum_map.hwp	215	90.58	67.23
samples/task2287/1342000_edu_curriculum_map.hwp	216	78.76	69.99
samples/task2287/1342000_edu_curriculum_map.hwp	217	96.05	66.30
samples/task2287/1342000_edu_curriculum_map.hwp	218	83.54	65.96
samples/task2287/1342000_edu_curriculum_map.hwp	219	84.75	52.30
samples/task2287/1342000_edu_curriculum_map.hwp	220	84.51	26.67
samples/task2287/1342000_edu_curriculum_map.hwp	221	72.81	48.83
samples/task2287/1342000_edu_curriculum_map.hwp	222	93.87	65.94
samples/task2287/1342000_edu_curriculum_map.hwp	223	74.53	70.02
samples/task2287/1342000_edu_curriculum_map.hwp	224	74.84	71.24
samples/task2287/1342000_edu_curriculum_map.hwp	225	72.79	69.85
samples/task2287/1342000_edu_curriculum_map.hwp	226	67.95	69.25
samples/task2287/1342000_edu_curriculum_map.hwp	227	67.00	68.76
samples/task2287/1342000_edu_curriculum_map.hwp	228	74.19	65.98
samples/task2287/1342000_edu_curriculum_map.hwp	229	71.10	71.78
samples/task2287/1342000_edu_curriculum_map.hwp	230	68.21	64.64
samples/task2287/1342000_edu_curriculum_map.hwp	231	68.28	68.18
samples/task2287/1342000_edu_curriculum_map.hwp	232	71.80	69.43
samples/task2287/1342000_edu_curriculum_map.hwp	233	69.56	67.75
samples/task2287/1342000_edu_curriculum_map.hwp	234	70.20	65.91
samples/task2287/1342000_edu_curriculum_map.hwp	235	9.47	51.53
samples/task2287/1342000_edu_curriculum_map.hwp	236	32.80	99.39
samples/task2287/1342000_edu_curriculum_map.hwp	237	57.76	80.50
samples/task2287/1342000_edu_curriculum_map.hwp	238	68.99	98.03
samples/task2287/1342000_edu_curriculum_map.hwp	239	68.12	95.94
samples/task2287/1342000_edu_curriculum_map.hwp	240	66.47	98.65
samples/task2287/1342000_edu_curriculum_map.hwp	241	60.99	78.80
samples/task2287/1342000_edu_curriculum_map.hwp	242	66.67	70.61
samples/task2287/1342000_edu_curriculum_map.hwp	243	68.37	68.88
samples/task2287/1342000_edu_curriculum_map.hwp	244	65.22	70.14
samples/task2287/1342000_edu_curriculum_map.hwp	245	48.32	68.15
samples/task2287/1342000_edu_curriculum_map.hwp	246	25.36	72.31
samples/task2287/1342000_edu_curriculum_map.hwp	247	51.62	73.13
samples/task2287/1342000_edu_curriculum_map.hwp	248	72.01	71.70
samples/task2287/1342000_edu_curriculum_map.hwp	249	70.80	98.60
samples/task2287/1342000_edu_curriculum_map.hwp	250	69.04	83.25
samples/task2287/1342000_edu_curriculum_map.hwp	251	68.37	72.34
samples/task2287/1342000_edu_curriculum_map.hwp	252	69.02	74.57
samples/task2287/1342000_edu_curriculum_map.hwp	253	69.06	69.01
samples/task2287/1342000_edu_curriculum_map.hwp	254	67.32	73.22
samples/task2287/1342000_edu_curriculum_map.hwp	255	65.66	70.47
samples/task2287/1342000_edu_curriculum_map.hwp	256	69.05	74.67
samples/task2287/1342000_edu_curriculum_map.hwp	257	68.90	72.20
samples/task2287/1342000_edu_curriculum_map.hwp	258	67.49	70.54
samples/task2287/1342000_edu_curriculum_map.hwp	259	64.87	73.70
samples/task2287/1342000_edu_curriculum_map.hwp	260	67.05	65.38
samples/task2287/1342000_edu_curriculum_map.hwp	261	15.12	69.21
samples/task2287/1342000_edu_curriculum_map.hwp	262	18.14	6.44
samples/task2287/1342000_edu_curriculum_map.hwp	263	26.31	29.06
samples/task2287/1342000_edu_curriculum_map.hwp	264	53.36	50.24
samples/task2287/1342000_edu_curriculum_map.hwp	265	64.24	63.86
samples/task2287/1342000_edu_curriculum_map.hwp	266	39.02	65.09
samples/task2287/1342000_edu_curriculum_map.hwp	267	26.78	36.58
samples/task2287/1342000_edu_curriculum_map.hwp	268	29.45	18.42
samples/task2287/1342000_edu_curriculum_map.hwp	269	39.84	44.22
samples/task2287/1342000_edu_curriculum_map.hwp	270	70.11	65.97
samples/task2287/1342000_edu_curriculum_map.hwp	271	64.56	68.47
samples/task2287/1342000_edu_curriculum_map.hwp	272	72.94	65.68
samples/task2287/1342000_edu_curriculum_map.hwp	273	61.24	66.25
samples/task2287/1342000_edu_curriculum_map.hwp	274	16.07	67.99
samples/task2287/1342000_edu_curriculum_map.hwp	275	23.05	13.15
samples/task2287/1342000_edu_curriculum_map.hwp	276	28.85	32.10
samples/task2287/1342000_edu_curriculum_map.hwp	277	48.81	56.58
samples/task2287/1342000_edu_curriculum_map.hwp	278	65.53	62.94
samples/task2287/1342000_edu_curriculum_map.hwp	279	53.93	62.26
samples/task2287/1342000_edu_curriculum_map.hwp	280	27.06	52.28
samples/task2287/1342000_edu_curriculum_map.hwp	281	35.32	29.02
samples/task2287/1342000_edu_curriculum_map.hwp	282	45.55	43.48
samples/task2287/1342000_edu_curriculum_map.hwp	283	69.05	67.67
samples/task2287/1342000_edu_curriculum_map.hwp	284	61.90	66.95
samples/task2287/1342000_edu_curriculum_map.hwp	285	66.99	64.30
samples/task2287/1342000_edu_curriculum_map.hwp	286	59.43	68.61
samples/task2287/1342000_edu_curriculum_map.hwp	287	16.08	54.61
samples/task2287/1342000_edu_curriculum_map.hwp	288	17.38	12.84
samples/task2287/1342000_edu_curriculum_map.hwp	289	25.04	31.09
samples/task2287/1342000_edu_curriculum_map.hwp	290	52.49	55.34
samples/task2287/1342000_edu_curriculum_map.hwp	291	42.62	67.72
samples/task2287/1342000_edu_curriculum_map.hwp	292	25.91	42.30
samples/task2287/1342000_edu_curriculum_map.hwp	293	30.18	25.33
samples/task2287/1342000_edu_curriculum_map.hwp	294	49.56	48.75
samples/task2287/1342000_edu_curriculum_map.hwp	295	69.76	70.87
samples/task2287/1342000_edu_curriculum_map.hwp	296	68.29	71.53
samples/task2287/1342000_edu_curriculum_map.hwp	297	72.35	67.83
samples/task2287/1342000_edu_curriculum_map.hwp	298	55.76	71.33
samples/task2287/1342000_edu_curriculum_map.hwp	299	14.95	56.52
samples/task2287/1342000_edu_curriculum_map.hwp	300	23.18	9.92
samples/task2287/1342000_edu_curriculum_map.hwp	301	29.32	23.83
samples/task2287/1342000_edu_curriculum_map.hwp	302	48.11	45.52
samples/task2287/1342000_edu_curriculum_map.hwp	303	62.76	65.22
samples/task2287/1342000_edu_curriculum_map.hwp	304	66.79	63.65
samples/task2287/1342000_edu_curriculum_map.hwp	305	46.36	65.39
samples/task2287/1342000_edu_curriculum_map.hwp	306	29.43	48.94
samples/task2287/1342000_edu_curriculum_map.hwp	307	38.50	27.51
samples/task2287/1342000_edu_curriculum_map.hwp	308	42.43	42.97
samples/task2287/1342000_edu_curriculum_map.hwp	309	65.85	66.63
samples/task2287/1342000_edu_curriculum_map.hwp	310	63.93	68.48
samples/task2287/1342000_edu_curriculum_map.hwp	311	67.27	66.37
samples/task2287/1342000_edu_curriculum_map.hwp	312	60.63	68.43
samples/task2287/1342000_edu_curriculum_map.hwp	313	21.70	63.01
samples/task2287/1342000_edu_curriculum_map.hwp	314	24.63	16.57
samples/task2287/1342000_edu_curriculum_map.hwp	315	35.71	32.36
samples/task2287/1342000_edu_curriculum_map.hwp	316	51.07	49.97
samples/task2287/1342000_edu_curriculum_map.hwp	317	61.58	65.81
samples/task2287/1342000_edu_curriculum_map.hwp	318	61.78	63.61
samples/task2287/1342000_edu_curriculum_map.hwp	319	64.97	63.55
samples/task2287/1342000_edu_curriculum_map.hwp	320	64.70	65.09
samples/task2287/1342000_edu_curriculum_map.hwp	321	67.87	68.38
samples/task2287/1342000_edu_curriculum_map.hwp	322	63.97	64.60
samples/task2287/1342000_edu_curriculum_map.hwp	323	62.89	70.10
samples/task2287/1342000_edu_curriculum_map.hwp	324	64.72	66.00
samples/task2287/1342000_edu_curriculum_map.hwp	325	65.11	62.52
samples/task2287/1342000_edu_curriculum_map.hwp	326	33.32	64.45
samples/task2287/1342000_edu_curriculum_map.hwp	327	25.23	32.83
samples/task2287/1342000_edu_curriculum_map.hwp	328	33.80	10.65
samples/task2287/1342000_edu_curriculum_map.hwp	329	38.19	36.09
samples/task2287/1342000_edu_curriculum_map.hwp	330	60.72	61.42
samples/task2287/1342000_edu_curriculum_map.hwp	331	61.43	64.72
samples/task2287/1342000_edu_curriculum_map.hwp	332	67.70	67.14
samples/task2287/1342000_edu_curriculum_map.hwp	333	66.38	66.39
samples/task2287/1342000_edu_curriculum_map.hwp	334	66.72	64.39
samples/task2287/1342000_edu_curriculum_map.hwp	335	68.40	65.94
samples/task2287/1342000_edu_curriculum_map.hwp	336	66.23	61.29
samples/task2287/1342000_edu_curriculum_map.hwp	337	64.90	65.25
samples/task2287/1342000_edu_curriculum_map.hwp	338	67.67	68.60
samples/task2287/1342000_edu_curriculum_map.hwp	339	65.41	69.08
samples/task2287/1342000_edu_curriculum_map.hwp	340	65.24	65.63
samples/task2287/1342000_edu_curriculum_map.hwp	341	64.45	63.30
samples/task2287/1342000_edu_curriculum_map.hwp	342	63.93	68.18
samples/task2287/1342000_edu_curriculum_map.hwp	343	55.54	69.53
samples/task2287/1342000_edu_curriculum_map.hwp	344	15.52	59.06
samples/task2287/1342000_edu_curriculum_map.hwp	345	16.71	13.53
samples/task2287/1342000_edu_curriculum_map.hwp	346	29.86	34.34
samples/task2287/1342000_edu_curriculum_map.hwp	347	52.29	55.01
samples/task2287/1342000_edu_curriculum_map.hwp	348	68.69	67.20
samples/task2287/1342000_edu_curriculum_map.hwp	349	67.67	66.97
samples/task2287/1342000_edu_curriculum_map.hwp	350	67.15	67.41
samples/task2287/1342000_edu_curriculum_map.hwp	351	64.38	66.75
samples/task2287/1342000_edu_curriculum_map.hwp	352	70.92	67.22
samples/task2287/1342000_edu_curriculum_map.hwp	353	67.20	66.73
samples/task2287/1342000_edu_curriculum_map.hwp	354	47.54	65.51
samples/task2287/1342000_edu_curriculum_map.hwp	355	31.09	46.25
samples/task2287/1342000_edu_curriculum_map.hwp	356	35.22	27.60
samples/task2287/1342000_edu_curriculum_map.hwp	357	46.13	50.05
samples/task2287/1342000_edu_curriculum_map.hwp	358	70.75	68.28
samples/task2287/1342000_edu_curriculum_map.hwp	359	66.35	67.71
samples/task2287/1342000_edu_curriculum_map.hwp	360	76.93	70.64
samples/task2287/1342000_edu_curriculum_map.hwp	361	70.62	70.96
samples/task2287/1342000_edu_curriculum_map.hwp	362	68.97	67.58
samples/task2287/1342000_edu_curriculum_map.hwp	363	69.61	65.69
samples/task2287/1342000_edu_curriculum_map.hwp	364	68.21	69.05
samples/task2287/1342000_edu_curriculum_map.hwp	365	68.57	67.65
samples/task2287/1342000_edu_curriculum_map.hwp	366	68.47	68.08
samples/task2287/1342000_edu_curriculum_map.hwp	367	71.68	72.72
samples/task2287/1342000_edu_curriculum_map.hwp	368	72.91	67.56
samples/task2287/1342000_edu_curriculum_map.hwp	369	61.14	67.52
samples/task2287/1342000_edu_curriculum_map.hwp	370	19.70	63.37
samples/task2287/1342000_edu_curriculum_map.hwp	371	25.09	17.45
samples/task2287/1342000_edu_curriculum_map.hwp	372	30.18	32.09
samples/task2287/1342000_edu_curriculum_map.hwp	373	46.91	56.10
samples/task2287/1342000_edu_curriculum_map.hwp	374	30.75	59.08
samples/task2287/1342000_edu_curriculum_map.hwp	375	39.95	35.30
samples/task2287/1342000_edu_curriculum_map.hwp	376	53.08	49.04
samples/task2287/1342000_edu_curriculum_map.hwp	377	69.60	67.74
samples/task2287/1342000_edu_curriculum_map.hwp	378	24.27	68.28
samples/task2287/1342000_edu_curriculum_map.hwp	379	32.75	57.65
samples/task2287/1342000_edu_curriculum_map.hwp	380	29.27	99.24
samples/task2287/1342000_edu_curriculum_map.hwp	381	52.50	81.34
samples/task2287/1342000_edu_curriculum_map.hwp	382	60.00	95.12
samples/task2287/1342000_edu_curriculum_map.hwp	383	59.57	67.35
samples/task2287/1342000_edu_curriculum_map.hwp	384	28.95	68.25
samples/task2287/1342000_edu_curriculum_map.hwp	385	44.39	68.81
samples/task2287/1342000_edu_curriculum_map.hwp	386	43.68	93.76
samples/task2287/1342000_edu_curriculum_map.hwp	387	65.57	97.78
samples/task2287/1342000_edu_curriculum_map.hwp	388	70.02	95.58
samples/task2287/1342000_edu_curriculum_map.hwp	389	63.04	97.16
samples/task2287/1342000_edu_curriculum_map.hwp	390	22.10	98.11
samples/task2287/1342000_edu_curriculum_map.hwp	391	19.29	99.92
samples/task2287/1342000_edu_curriculum_map.hwp	392	26.14	98.10
samples/task2287/1342000_edu_curriculum_map.hwp	393	59.80	99.39
samples/task2287/1342000_edu_curriculum_map.hwp	394	73.57	99.47
samples/task2287/1342000_edu_curriculum_map.hwp	395	53.10	98.46
samples/task2287/1342000_edu_curriculum_map.hwp	396	29.21	99.44
samples/task2287/1342000_edu_curriculum_map.hwp	397	35.36	99.99
samples/task2287/1342000_edu_curriculum_map.hwp	398	46.91	94.43
samples/task2287/1342000_edu_curriculum_map.hwp	399	66.00	98.89
samples/task2287/1342000_edu_curriculum_map.hwp	400	70.95	99.50
samples/task2287/1342000_edu_curriculum_map.hwp	401	71.34	83.21
samples/task2287/1342000_edu_curriculum_map.hwp	402	1.06	98.26
samples/task2287/1342000_edu_curriculum_map.hwp	403	11.36	96.32
samples/task2287/1342000_edu_curriculum_map.hwp	404	2.74	91.90
samples/task2287/1342000_edu_curriculum_map.hwp	405	28.04	91.96
samples/task2287/1342000_edu_curriculum_map.hwp	406	64.79	94.49
samples/task2287/1342000_edu_curriculum_map.hwp	407	66.58	90.65
samples/task2287/1342000_edu_curriculum_map.hwp	408	61.65	92.53
samples/task2287/1342000_edu_curriculum_map.hwp	409	61.96	94.49
samples/task2287/1342000_edu_curriculum_map.hwp	410	37.04	92.27
samples/task2287/1342000_edu_curriculum_map.hwp	411	38.77	93.07
samples/task2287/1342000_edu_curriculum_map.hwp	412	20.39	95.77
samples/task2287/1342000_edu_curriculum_map.hwp	413	10.67	98.95
