doc	page	before_native_devel_6f66932a7	after_wasm_head_6b1113081
samples/issue7182/rowbreak_cell_picture_only_paragraph.hwp	3	85.00	99.88
samples/issue1891/80168_regulatory_analysis.hwpx	13	13.87	13.78
samples/issue1891/80168_regulatory_analysis.hwpx	14	18.95	20.25
samples/issue1891/80168_regulatory_analysis.hwpx	43	3.16	3.18
samples/issue1891/80168_regulatory_analysis.hwpx	44	13.38	12.13
samples/issue1891/80168_regulatory_analysis.hwpx	57	24.35	22.62
samples/issue1891/80168_regulatory_analysis.hwpx	70	22.28	23.19
samples/issue1891/80168_regulatory_analysis.hwpx	85	15.94	14.14
samples/issue1891/80168_regulatory_analysis.hwpx	150	76.31	95.84
samples/issue1891/80168_regulatory_analysis.hwpx	151	86.34	74.66
samples/80168_regulatory_analysis.hwp	13	78.67	98.23
samples/80168_regulatory_analysis.hwp	14	74.37	86.66
samples/80168_regulatory_analysis.hwp	43	80.70	91.02
samples/80168_regulatory_analysis.hwp	44	82.90	97.87
samples/80168_regulatory_analysis.hwp	57	67.53	90.46
samples/80168_regulatory_analysis.hwp	70	80.84	99.54
samples/80168_regulatory_analysis.hwp	85	83.75	97.15
samples/80168_regulatory_analysis.hwp	151	75.55	96.40
samples/80168_regulatory_analysis.hwp	152	85.65	72.09
samples/task2287/1342000_edu_curriculum_map.hwp	209	67.21	67.65
samples/task2287/1342000_edu_curriculum_map.hwp	210	65.53	68.51
samples/exam_math.hwp	8	14.35	14.35
samples/issue6776/78494-virtual-convergence-industry-decree.hwpx	71	11.89	11.90
