key	page	devel_native	fix_native	fix_wasm
acrc30442	16	82.10123	97.90063	97.90063
cgmp	41	15.63599	15.63599	15.63599
eval113424	15	60.1552	93.8787	93.86967
fmt53	10	34.42838	35.40434	35.40434
fmt53	11	29.91043	28.20957	28.20957
fmt53	12	24.36692	24.29556	24.29556
fmt53	13	36.24985	37.92059	37.92059
fmt53	14	45.97462	46.7976	46.7976
fmt53	15	34.99323	39.13726	39.13726
fmt53	17	29.39357	28.37353	28.37353
fmt53	18	20.33429	18.93017	18.93017
fmt53	25	36.23195	41.47365	41.47365
fmt53	34	11.59835	10.73339	10.73339
fmt53	39	29.14758	24.70818	24.70818
fmt53	40	25.64649	30.89357	30.89357
fmt53	41	32.70176	36.61973	36.61973
fmt53	43	37.90844	36.58424	36.58424
fmt53	45	40.40248	42.67416	42.67416
fmt53	46	42.30782	38.31747	38.31747
fmt53	47	38.55222	43.39211	43.39211
fmt53	49	27.07383	26.99931	26.99931
fmt53	50	38.54466	49.77171	49.77171
fmt53	51	41.73056	40.63927	40.63927
fmt53	52	42.93258	48.00974	48.00974
fmt53	55	40.78766	37.28757	37.28757
fmt53	56	49.22691	50.1787	50.1787
fmt53	60	39.64234	41.33565	41.33565
fmt53	66	18.75092	18.96751	18.96751
fmt53	67	31.57166	23.50053	23.50053
franchise	59	36.10583	36.1118	36.1118
hwpctl	12	71.54681	91.26254	91.26254
hwpctl	16	45.77774	72.50732	72.50732
hwpctl	28	85.71731	92.52617	92.52617
hwpctl	34	86.36242	92.74036	92.74036
hwpctl	41	77.94756	91.66534	91.66534
hwpctl	44	69.23498	89.42852	89.42852
hwpctl	49	98.87535	93.91452	93.91452
hwpspec	16	59.38308	85.92146	85.92146
hwpspec	17	65.74871	82.71512	82.71512
hwpspec	18	69.27693	78.65955	78.65955
hwpspec	19	63.94109	86.44491	86.44491
hwpspec	20	35.82363	41.8318	41.8318
hwpspec	25	57.31038	90.37201	90.37201
hwpspec	28	41.09016	57.84483	57.84483
hwpspec	33	48.8137	53.23842	53.23842
hwpspec	34	42.75038	34.31832	34.31832
hwpspec	35	29.77139	28.60565	28.60565
hwpspec	37	40.61399	76.69041	76.69041
hwpspec	38	64.51442	90.07735	90.07735
hwpspec	39	43.9832	62.69074	62.69074
hwpspec	40	31.01361	45.90588	45.90588
hwpspec	41	53.54289	73.84483	73.84483
hwpspec	43	45.01173	44.09612	44.09612
hwpspec	45	43.16811	42.69274	42.69274
hwpspec	46	36.40863	37.96944	37.96944
hwpspec	47	42.29712	42.10689	42.10689
hwpspec	49	41.32183	91.98676	91.98676
hwpspec	50	44.60032	82.57317	82.57317
hwpspec	51	43.95324	42.79155	42.79155
hwpspec	54	42.09645	44.15837	44.15837
hwpspec	57	56.91419	66.07344	66.07344
hwpspec	58	45.59496	74.46046	74.46046
hwpspec	61	37.67556	80.08445	80.08445
hwpspec	62	42.7739	87.05648	87.05648
hwpspec	63	45.90632	68.78253	68.78253
hwpspec	64	38.38719	82.49486	82.49486
hwpspec	65	54.34126	81.07252	81.07252
hwpspec	104	56.68083	69.89988	69.89988
i1376496	2	93.06084	97.41003	97.41003
i1376496	3	73.51866	55.12455	55.12455
i1376496	4	33.53619	43.38537	43.38537
i1853	8	97.58172	97.63292	97.63292
i1853	10	55.22581	86.55564	86.55564
i1853	13	65.00092	97.36484	97.36484
i1853	15	97.4523	97.71023	97.71023
i1853	17	49.77347	95.67355	95.67355
i1853	19	52.85947	76.66849	76.66849
i1853	20	51.5358	95.52274	95.52274
i1853	22	60.00763	95.64375	95.64375
i1853	26	66.69732	96.42693	96.42693
i1853	28	53.90965	95.70262	95.70262
i1853	29	64.38874	96.38431	96.38431
i1853	31	64.06738	96.79649	96.79649
i1853	33	60.31958	93.53401	93.53401
i1853	34	66.26868	97.43657	97.43657
i1853	37	65.93488	95.39033	95.39033
i1853	39	51.49395	94.66181	94.66181
i1853	40	65.1445	96.40241	96.40241
i1853	42	65.69419	96.31126	96.31126
i1853	44	94.60073	94.71287	94.71287
i1853	46	63.55845	95.87337	95.87337
i1853	48	79.44262	96.76765	96.76765
i1853	51	53.60485	93.76447	93.76447
i1880p13	7	45.53459	45.53459	45.53459
i1891	5	93.7175	98.05611	98.05611
i1891	6	74.33941	97.26063	97.26063
i1891	7	76.4866	76.16727	76.16727
i1891	8	59.67476	58.89528	58.89528
i1891	9	48.08663	51.67543	51.67543
i1891	10	55.25032	49.79748	49.79748
i1891	30	24.23543	26.03684	23.78483
i1891	61	11.35169	11.72146	11.49886
i3637	6	93.5928	92.92856	92.92856
i4514	8	98.73614	98.73614	98.73614
i80550	6	93.69136	93.57731	93.57731
labelstd	45	94.21502	95.44135	95.44135
labelstd	46	67.60741	87.58164	87.58164
labelstd	76	59.66852	97.784	97.784
labelstd	78	55.94701	77.08213	77.08213
labelstd	81	39.97276	99.75914	99.75914
labelstd	83	61.31604	60.95493	60.95493
labelstudy	45	94.21502	95.44135	95.44135
labelstudy	46	67.60741	87.58164	87.58164
labelstudy	76	60.09058	97.88723	97.88723
labelstudy	78	50.81037	64.70461	64.70461
labelstudy	81	55.16934	99.78703	99.78703
labelstudy	83	64.9997	65.60348	65.60348
neartop	3	86.88093	99.82978	99.82978
neartop	7	87.34302	99.74062	99.74062
neartop	8	87.14785	98.95956	98.95956
neartop	27	28.85157	25.01489	25.01489
neartop	61	91.02532	99.72109	99.72109
neartop	179	62.61277	99.44692	99.44692
neartop	182	53.0791	99.11906	99.11906
neartop	196	85.82834	99.99622	99.99622
pyeonram	343	76.35306	76.33268	76.33268
pyeonram	370	76.30423	76.64324	76.64324
