doc_id	page	devel_native	head_native	head_wasm	rhwp_pages/pdf_pages
156413627	7	NO_REF	NO_REF	NO_REF	/
1130000-201300023	167	29.07210	29.05152	29.05152	177/176
1240000-201700006	3	98.62315	99.48413	99.48413	3/3
1490000-200800087	33	99.01791	99.55807	99.50287	226/224
1490000-200800087	62	99.15980	99.37124	99.45165	226/224
1490000-200800087	67	98.99732	99.51451	99.56654	226/224
1490000-200800087	70	98.91237	99.31891	99.35308	226/224
1490000-200800087	71	97.65172	98.21679	98.08958	226/224
1490000-200800087	73	99.42213	99.64139	99.70905	226/224
1490000-200800087	80	98.52031	99.38921	99.37854	226/224
1490000-200800087	81	98.92100	99.41435	99.34989	226/224
1490000-200800087	83	99.52877	99.76077	99.77135	226/224
1490000-200800087	84	98.96383	99.61780	99.64523	226/224
1490000-200800087	87	91.43368	91.84898	91.52899	226/224
1490000-200800087	88	55.28562	54.94249	55.04452	226/224
3780000-202000005	350	67.61666	65.96764	65.96764	413/413
36326677	1	84.00935	92.61242	92.61242	1/1
36328928	1	63.80305	99.38690	99.38690	2/2
36353292	1	63.53358	98.03883	98.03883	1/1
36382725	1	88.77832	97.09637	97.09637	1/1
36388027	1	40.47433	56.87558	56.87558	2/2
36395910	1	87.56265	97.45825	97.45825	1/1
36411117	1	80.46220	91.90246	91.90246	1/1
36418159	1	84.73656	98.97212	98.97212	2/2
36423833	1	52.53811	98.07010	98.07010	2/2
36432723	1	82.54932	89.33905	89.33905	2/2
36434203	1	60.33657	93.19502	93.19502	1/1
36435389	1	82.02782	97.25931	97.25931	1/1
36492984	1	63.89227	97.74722	97.74722	1/1
한글문서파일형식_5.0_revision1.3	19	21.94205	22.09583	22.09583	70/71
