build	input	page	tolerant_content_match_percent
devel-native	float_push_spacing_before_boundaries.hwp	1	47.11694
devel-native	float_push_spacing_before_boundaries.hwp	2	51.38041
devel-native	float_push_spacing_before_boundaries.hwp	3	100.00000
devel-native	float_push_spacing_before_boundaries.hwp	4	54.80877
devel-native	float_push_spacing_before_boundaries.hwpx	1	47.23573
devel-native	float_push_spacing_before_boundaries.hwpx	2	50.86321
devel-native	float_push_spacing_before_boundaries.hwpx	3	45.75688
devel-native	float_push_spacing_before_boundaries.hwpx	4	54.87812
devel-native	float_push_spacing_before.hwp	1	46.68504
devel-native	float_push_spacing_before_column_top.hwp	1	98.94060
devel-native	float_push_spacing_before_column_top.hwp	2	60.90108
devel-native	float_push_spacing_before_column_top.hwp	3	100.00000
devel-native	float_push_spacing_before_column_top.hwp	4	99.55027
head-native	float_push_spacing_before_boundaries.hwp	1	99.69074
head-native	float_push_spacing_before_boundaries.hwp	2	99.77496
head-native	float_push_spacing_before_boundaries.hwp	3	100.00000
head-native	float_push_spacing_before_boundaries.hwp	4	99.96067
head-native	float_push_spacing_before_boundaries.hwpx	1	99.64283
head-native	float_push_spacing_before_boundaries.hwpx	2	99.71745
head-native	float_push_spacing_before_boundaries.hwpx	3	99.91424
head-native	float_push_spacing_before_boundaries.hwpx	4	96.34309
head-native	float_push_spacing_before.hwp	1	99.56522
head-native	float_push_spacing_before_column_top.hwp	1	98.94060
head-native	float_push_spacing_before_column_top.hwp	2	99.57811
head-native	float_push_spacing_before_column_top.hwp	3	100.00000
head-native	float_push_spacing_before_column_top.hwp	4	99.55027
head-wasm	float_push_spacing_before_boundaries.hwp	1	99.69074
head-wasm	float_push_spacing_before_boundaries.hwp	2	99.77496
head-wasm	float_push_spacing_before_boundaries.hwp	3	100.00000
head-wasm	float_push_spacing_before_boundaries.hwp	4	99.96067
head-wasm	float_push_spacing_before_boundaries.hwpx	1	99.64283
head-wasm	float_push_spacing_before_boundaries.hwpx	2	99.71745
head-wasm	float_push_spacing_before_boundaries.hwpx	3	99.91424
head-wasm	float_push_spacing_before_boundaries.hwpx	4	96.34309
head-wasm	float_push_spacing_before.hwp	1	99.56522
head-wasm	float_push_spacing_before_column_top.hwp	1	98.94060
head-wasm	float_push_spacing_before_column_top.hwp	2	99.57811
head-wasm	float_push_spacing_before_column_top.hwp	3	100.00000
head-wasm	float_push_spacing_before_column_top.hwp	4	99.55027
