samples/2025 행정업무운영 편람(최종).hwp	pdf/2025 행정업무운영 편람(최종)-hwp-kopub-2024.pdf	283,284,291,303,304,311,312,313,314,315,316,317,318,319,320,321,322,323,324,325,326,327,328,329,330,331,332,333,334,335,336,337,338,339,340,341,342,343,344,345,346,347,348,349,350,351,352,353,354,355,356,357,358,359,360,361,362,363,364,365,366,367,368,369,370,371,372,373,374,375,376,377,378,379,380,381
samples/2025 행정업무운영 편람(최종).hwpx	pdf/2025 행정업무운영 편람(최종)-hwpx-kopub-2024.pdf	283,284,285,287,291,303,304,311,312,313,314,315,316,317,318,319,320,321,322,323,324,325,326,327,328,329,330,331,332,333,334,335,336,337,338,339,340,341,342,343,344,345,346,347,348,349,350,351,352,353,354,355,356,357,358,359,360,361,362,363,364,365,366,370,371,372,373,374
samples/80168_regulatory_analysis.hwp	pdf/80168_regulatory_analysis-hwp-2024.pdf	3
samples/86712_regulatory_analysis.hwp	pdf/86712_regulatory_analysis-hwp-2024.pdf	3,18,19,31,50
samples/aift.hwp	pdf/aift-2022.pdf	69
samples/basic/issue2007_nested_cell_pagination_42065.hwp	pdf/basic/issue2007_nested_cell_pagination_42065-hwp-2020.pdf	10,14
samples/정책연구용역사업 중간진도보고서(살아있는 간장 기증자의 의학적 선별기준 연구).hwp	pdf/정책연구용역사업 중간진도보고서(살아있는 간장 기증자의 의학적 선별기준 연구)-hwp-2024.pdf	160,161
samples/hwpctl_ParameterSetID_Item_v1.2.hwp	pdf/hwpctl_ParameterSetID_Item_v1.2-hwp-2020.pdf	43,53,54,55
samples/hwpx/21761835_jeonjik_exemption_table.hwpx	pdf/task2146/21761835_jeonjik_exemption_table-2020.pdf	3
samples/hwpx/pr-1674.hwpx	pdf/hwpx/pr-1674-hwpx-2020.pdf	18,19
samples/issue1770_rowsplit_tolerance.hwpx	pdf/issue1770_rowsplit_tolerance-hwpx-2020.pdf	1,2,3,4
samples/issue1853_caption_precedes_body_split.hwpx	pdf/issue1853_caption_precedes_body_split-hwpx-2020.pdf	13,15,26,37,40,44
samples/issue1891/80168_regulatory_analysis.hwpx	pdf/issue1891/80168_regulatory_analysis-hwpx-2020.pdf	3
samples/issue1891/86712_regulatory_analysis.hwpx	pdf/issue1891/86712_regulatory_analysis-hwpx-2020.pdf	3,18,19,31,50
samples/issue1891_external_bindata_link.hwpx	pdf/issue7382-regression-review/issue1891_external_bindata_link-2020.pdf	5,6,7,8,9,10,11,12,24,25,27,30,31,32,33,34,35,36,37,38,39,40,41,42,43,44,45,46,47,48,49,50,51,52,53,54,55,56,57,58,59,60,61,62,63,64,65,66,67,68,69,70,71,72,73
samples/issue1921/59043_regulatory_analysis.hwp	pdf/issue1921/59043_regulatory_analysis-2022.pdf	19,35
samples/issue1937_rowbreak_footnote_overpagination.hwp	pdf/issue7382-regression-review/issue1937_rowbreak_footnote_overpagination-2020.pdf	23,47
samples/issue1949_giant_cell_nested_tables_perf.hwp	pdf/issue1949_giant_cell_nested_tables_perf-hwp-2024.pdf	2,11,15,16,17,18,21,22,25,33,36,37,38,39,45,47,53,56,59,62,67,70,71,76,78,79,86,88,101,105,106,108,111,114
samples/issue1949_giant_cell_nested_tables_perf.hwpx	pdf/issue1949_giant_cell_nested_tables_perf-hwpx-2020.pdf	5,11,15,16,23,25,33,36,37,38,39,47,55,56,62,67,70,71,79,86,88,101,105,108,110,111,113,114
samples/issue2559/1341000_research_report_footnotes.hwp	pdf/issue2559/1341000_research_report_footnotes-2020.pdf	54
samples/issue3637/regulatory_impact_nested_table_escape.hwpx	pdf/issue3637/regulatory_impact_nested_table_escape-hwpx-2020.pdf	6
samples/issue4514/sample1-repro.hwp	pdf/issue4514/sample1-repro-hwp-2020.pdf	8,17,18,19,20,33,34,35
samples/issue5792/2700727_animal_facility_standards.hwpx	pdf/issue5792/2700727_animal_facility_standards-hwpx-2020.pdf	6
samples/issue5875/nested_table_text_caption.hwp	pdf/issue5875/nested_table_text_caption-2020.pdf	5,6,10
samples/issue5877/fragment_ghost_vrules.hwp	pdf/fragment_ghost_vrules-2020.pdf	17,18,19
samples/issue5880/rowbreak_fragment_overfill.hwpx	pdf/issue5880/rowbreak_fragment_overfill-hwpx-2020.pdf	3,4,6
samples/issue6035/cgmp_evaluation_table.hwpx	pdf/cgmp_evaluation_table-hwpx-2020.pdf	32,37,41
samples/issue6697/80550-agricultural-machinery-act-amendment.hwpx	pdf/issue7382-regression-review/80550-agricultural-machinery-act-amendment-2020.pdf	6
samples/issue6764/1613000-202200037-air-traffic-controller-cbta.hwp	pdf/1613000-202200037-air-traffic-controller-cbta-2020.pdf	138,139,140,141,142,143,144,145,146,147,148,149,150,151,153,154,155,156,157,158,159,160,161,162,163,164,165,166,167,168,169,170,171,172,173,174,175,176,177,178,179,180,181,182,183,184,185,186,187,188,189,190,191,192,193,194,195,196,197,198,199,200,201,202
samples/issue6782/1480000-201900042-chemical-labeling-standards.hwp	pdf/1480000-201900042-chemical-labeling-standards-2020.pdf	35,39,40,46,47,65
samples/issue6782/1480000-201900042-chemical-product-labeling-study.hwp	pdf/1480000-201900042-chemical-product-labeling-study-2020.pdf	35,39,40,46,47,65
samples/issue6790/17544911-sericulture-training-criteria.hwp	pdf/17544911-sericulture-training-criteria-2020.pdf	1
samples/issue6854/70833-electrical-safety-rule-regulatory-analysis.hwp	pdf/70833-electrical-safety-rule-regulatory-analysis-2020.pdf	3
samples/issue6929/148776468_search_ad_terms_press_release.hwp	pdf/issue6929/148776468_search_ad_terms_press_release-hwp-2020.pdf	10,11
samples/issue6973/83818-appraisal-rules-amendment.hwpx	pdf/83818-appraisal-rules-amendment-2020.pdf	7,8
samples/pr-1674.hwp	pdf/pr-1674-hwp-2020.pdf	18,19
samples/rowbreak-problem-pages.hwp	pdf/rowbreak-problem-pages-hwp-2024.pdf	12
samples/table_scattered_header_rowbreak.hwp	pdf/table_scattered_header_rowbreak-hwp-2024.pdf	3,41,42,46
samples/table_text_anchor_wrap.hwpx	pdf/table_text_anchor_wrap-hwpx-2024.pdf	1
samples/task1716/table_scattered_header_rowbreak.hwpx	pdf/task1716/table_scattered_header_rowbreak-hwpx-2020.pdf	41,42,43,44,45,46,47,48,49,50,51,52
samples/task1718/table_giant_cell_overfill.hwp	pdf/task1718/table_giant_cell_overfill-hwp-2020.pdf	46
samples/task1753/deferred_takeplace_fill_ahead.hwp	samples/task1753/deferred_takeplace_fill_ahead-2024.pdf	4,5,14,17
samples/task1753/deferred_takeplace_fill_ahead.hwpx	samples/task1753/deferred_takeplace_fill_ahead-2024.pdf	4,5,14,17
samples/task2097/18095317_eogu_geumji.hwp	pdf/18095317_eogu_geumji-2020.pdf	19
samples/task2097/75544_pii_bunseok.hwpx	pdf/task2097/75544_pii_bunseok-hwpx-2020.pdf	20,21,22,43,44,45,46
samples/task2146/21761835_jeonjik_exemption_table.hwp	pdf/task2146/21761835_jeonjik_exemption_table-hwp-2020.pdf	3
samples/task2287/1342000_edu_curriculum_map.hwp	pdf/task2287/1342000_edu_curriculum_map-hwp-2020.pdf	35,38,39,42,43,44,45,46,47,62,63,65,73,98,99,100,101,102,103,104,105,106,108,109,110,111,112,117,118,119,121,122,123,124,125,126,127,128,129,130,131,132,133,134,135,136,137,138,139,140,141,142,143,144,145,146,147,148,149,150,151,152,153,154,155,156,157,158,159,160,161,162,163,164,165,166,167,168,169,170,171,172,173,174,175,176,177,178,179,180,181,182,183,184,185,186,187,188,189,190,191,192,193,194,195,196,197,198,199,200,201,202,203,204,205,206,207,208,209,210,211,212,213,214,215,216,217,218,219,220,221,222,223,224,225,226,227,228,229,230,231,232,233,234,235,236,237,238,239,240,241,242,243,244,245,246,247,248,249,250,251,252,253,254,255,256,257,258,259,260,261,262,263,264,265,266,267,268,269,270,271,272,273,274,275,276,277,278,279,280,281,282,283,284,285,286,287,288,289,290,291,292,293,294,295,296,297,298,299,300,301,302,303,304,305,306,307,308,309,310,311,312,313,314,315,316,317,318,319,320,321,322,323,324,325,326,327,328,329,330,331,332,333,334,335,336,337,338,339,340,341,342,343,344,345,346,347,348,349,350,351,352,353,354,355,356,357,358,359,360,361,362,363,364,365,366,367,368,369,370,371,372,373,374,375,376,377,378,379,380,381,382,383,384,385,386,387,388,389,390,391,392,393,394,395,396,397,398,399,400,401,402,403,404,405,406,407,408,409,410,411,412,413
samples/task2430/1382000_domestic_violence_survey.hwp	pdf/issue2430/1382000_domestic_violence_survey-2020.pdf	17,24,25
