doc	page	before_native	after_native	after_wasm
78494-virtual-convergence-industry-decree.hwpx	1	95.16	95.13	
78494-virtual-convergence-industry-decree.hwpx	2	95.23	95.54	
78494-virtual-convergence-industry-decree.hwpx	3	70.65	70.63	
78494-virtual-convergence-industry-decree.hwpx	4	87.69	87.69	
78494-virtual-convergence-industry-decree.hwpx	5	99.03	99.01	
78494-virtual-convergence-industry-decree.hwpx	6	99.61	99.61	
78494-virtual-convergence-industry-decree.hwpx	7	99.15	99.14	
78494-virtual-convergence-industry-decree.hwpx	8	67.33	99.16	99.16
78494-virtual-convergence-industry-decree.hwpx	9	0.38	97.30	97.30
78494-virtual-convergence-industry-decree.hwpx	10	19.57	77.28	77.28
78494-virtual-convergence-industry-decree.hwpx	11	15.11	98.99	98.99
78494-virtual-convergence-industry-decree.hwpx	12	15.54	98.58	
78494-virtual-convergence-industry-decree.hwpx	13	14.45	91.37	
78494-virtual-convergence-industry-decree.hwpx	14	15.88	37.91	
78494-virtual-convergence-industry-decree.hwpx	15	19.71	98.73	
78494-virtual-convergence-industry-decree.hwpx	16	24.39	98.84	
78494-virtual-convergence-industry-decree.hwpx	17	20.71	96.39	
78494-virtual-convergence-industry-decree.hwpx	18	26.87	70.11	
78494-virtual-convergence-industry-decree.hwpx	19	31.05	68.09	
78494-virtual-convergence-industry-decree.hwpx	20	26.05	95.83	
78494-virtual-convergence-industry-decree.hwpx	21	28.34	60.76	
78494-virtual-convergence-industry-decree.hwpx	22	31.52	91.25	
78494-virtual-convergence-industry-decree.hwpx	23	42.79	96.76	
78494-virtual-convergence-industry-decree.hwpx	24	25.26	87.32	
78494-virtual-convergence-industry-decree.hwpx	25	36.03	64.38	
78494-virtual-convergence-industry-decree.hwpx	26	66.77	71.58	
78494-virtual-convergence-industry-decree.hwpx	27	18.34	43.00	
78494-virtual-convergence-industry-decree.hwpx	28	6.16	80.57	
78494-virtual-convergence-industry-decree.hwpx	29	38.03	39.17	
78494-virtual-convergence-industry-decree.hwpx	30	18.69	99.11	
78494-virtual-convergence-industry-decree.hwpx	31	21.94	99.60	
78494-virtual-convergence-industry-decree.hwpx	32	27.03	98.88	
78494-virtual-convergence-industry-decree.hwpx	33	19.84	76.61	
78494-virtual-convergence-industry-decree.hwpx	34	13.69	96.00	
78494-virtual-convergence-industry-decree.hwpx	35	15.25	98.70	
78494-virtual-convergence-industry-decree.hwpx	36	16.70	89.80	
78494-virtual-convergence-industry-decree.hwpx	37	36.81	48.32	
78494-virtual-convergence-industry-decree.hwpx	38	25.49	40.33	
78494-virtual-convergence-industry-decree.hwpx	39	12.69	97.09	
78494-virtual-convergence-industry-decree.hwpx	40	21.96	99.20	
78494-virtual-convergence-industry-decree.hwpx	41	22.92	94.12	
78494-virtual-convergence-industry-decree.hwpx	42	23.67	79.37	
78494-virtual-convergence-industry-decree.hwpx	43	28.92	95.64	
78494-virtual-convergence-industry-decree.hwpx	44	37.55	72.53	
78494-virtual-convergence-industry-decree.hwpx	45	25.85	89.50	
78494-virtual-convergence-industry-decree.hwpx	46	15.33	79.68	
78494-virtual-convergence-industry-decree.hwpx	47	38.58	39.17	
78494-virtual-convergence-industry-decree.hwpx	48	18.59	18.88	
78494-virtual-convergence-industry-decree.hwpx	49	27.10	99.29	
78494-virtual-convergence-industry-decree.hwpx	50	16.81	98.88	
78494-virtual-convergence-industry-decree.hwpx	51	19.71	76.78	
78494-virtual-convergence-industry-decree.hwpx	52	20.46	99.30	
78494-virtual-convergence-industry-decree.hwpx	53	14.58	98.70	
78494-virtual-convergence-industry-decree.hwpx	54	17.94	97.47	
78494-virtual-convergence-industry-decree.hwpx	55	12.06	93.30	
78494-virtual-convergence-industry-decree.hwpx	56	24.57	97.19	
78494-virtual-convergence-industry-decree.hwpx	57	21.33	99.36	
78494-virtual-convergence-industry-decree.hwpx	58	21.09	97.83	
78494-virtual-convergence-industry-decree.hwpx	59	19.84	78.89	
78494-virtual-convergence-industry-decree.hwpx	60	27.56	87.52	
78494-virtual-convergence-industry-decree.hwpx	61	39.27	85.86	
78494-virtual-convergence-industry-decree.hwpx	62	23.24	97.94	
78494-virtual-convergence-industry-decree.hwpx	63	12.60	74.00	
78494-virtual-convergence-industry-decree.hwpx	64	29.55	99.38	
78494-virtual-convergence-industry-decree.hwpx	65	25.64	99.69	
78494-virtual-convergence-industry-decree.hwpx	66	22.86	98.88	
78494-virtual-convergence-industry-decree.hwpx	67	19.81	76.60	
78494-virtual-convergence-industry-decree.hwpx	68	16.25	95.94	
78494-virtual-convergence-industry-decree.hwpx	69	14.35	98.70	
78494-virtual-convergence-industry-decree.hwpx	70	16.84	95.25	
78494-virtual-convergence-industry-decree.hwpx	71	11.90	99.20	
78494-virtual-convergence-industry-decree.hwpx	72	31.41	99.42	
78494-virtual-convergence-industry-decree.hwpx	73	32.76	97.42	
78494-virtual-convergence-industry-decree.hwpx	74	20.50	46.13	
80168_regulatory_analysis.hwp	121	96.70	96.71	96.71
36361137_firefighter_training_plan.hwpx	9	94.18	94.10	94.10
36361137_firefighter_training_plan.hwpx	10	96.80	96.79	96.79
1342000_edu_curriculum_map.hwp	26	65.24	65.34	
1342000_edu_curriculum_map.hwp	124	90.01	90.02	
1342000_edu_curriculum_map.hwp	154	73.94	73.94	
hwpx-02.hwpx	1	90.97	96.85	96.85
hwpx-02.hwpx	2	40.90	40.71	
hwpx-02.hwpx	3	99.93	99.93	
hwpx-02.hwpx	4	99.92	99.92	
hwpx-02.hwpx	5	99.97	99.97	
21761835_jeonjik_exemption_table.hwp	1	87.87	87.55	
21761835_jeonjik_exemption_table.hwp	2	49.54	49.55	
21761835_jeonjik_exemption_table.hwp	3	55.67	55.57	
21761835_jeonjik_exemption_table.hwp	4	45.19	45.06	
21761835_jeonjik_exemption_table.hwp	5	45.88	45.89	
21761835_jeonjik_exemption_table.hwp	6	38.34	38.33	
