page	tolerant_content_match_percent	below_90	silhouette_raw_match_percent	silhouette_boundary_reconciled_pixels
5	98.05611	0	98.05611	0
6	98.95848	0	98.95848	0
7	98.27560	0	98.27560	0
8	94.01431	0	94.01431	0
9	58.78027	1	58.78027	0
10	92.83668	0	92.83668	0
11	97.73126	0	97.73126	0
12	99.63465	0	99.63465	0
24	99.10446	0	99.10446	0
25	45.03211	1	45.03211	0
27	67.65411	1	67.65411	0
30	26.03684	1	26.03684	0
31	99.12577	0	99.12577	0
32	98.52997	0	98.52997	0
33	82.48828	1	81.70033	699
34	53.16206	1	53.16206	0
35	98.80472	0	98.80472	0
36	99.35564	0	99.35564	0
37	98.67635	0	98.66211	8
38	43.39583	1	43.39583	0
39	37.27587	1	37.27587	0
40	24.98126	1	24.98126	0
41	28.55785	1	28.55785	0
42	30.03914	1	30.03914	0
43	32.88183	1	32.78077	176
44	7.34528	1	7.34528	0
45	13.12187	1	13.12187	0
46	27.54385	1	27.54385	0
47	36.07027	1	36.07027	0
48	27.27057	1	27.27057	0
49	12.61616	1	12.61616	0
50	35.82475	1	35.82475	0
51	31.36616	1	31.36616	0
52	12.02903	1	12.02903	0
53	20.53850	1	20.48243	58
54	27.20299	1	27.20299	0
55	22.18263	1	22.02621	90
56	16.25102	1	16.25102	0
57	15.35006	1	15.35006	0
58	8.62726	1	8.62726	0
59	15.06752	1	15.06752	0
60	33.45786	1	33.45786	0
61	27.76633	1	27.76633	0
62	22.12608	1	22.12608	0
63	22.84768	1	22.74957	72
64	18.31475	1	18.31475	0
65	27.23915	1	27.19189	114
66	30.34608	1	30.34608	0
67	21.34481	1	21.26626	198
68	17.29305	1	17.29305	0
69	26.39878	1	22.82357	4494
70	10.30213	1	10.30213	0
